{
    "turf": [{
            "image":"../../../assets/Images/turf1.jpg",
            "Name": "Soccercity",
            "Location": "Near cyber park"

        },
        {
            "image":"../../../assets/Images/turf2.jpg",
            "Name": "Soccercity",
            "Location": "Near cyber park"
        },
        {
            "image":"../../../assets/Images/turf2.jpg",
            "Name": "Soccercity",
            "Location": "Near cyber park"
        },
        {
            "image":"../../../assets/Images/turf2.jpg",
            "Name": "Soccercity",
            "Location": "Near cyber park"
        },
        {
            "image":"../../../assets/Images/turf2.jpg",
            "Name": "Soccercity",
            "Location": "Near cyber park"
        }
    ]
    
    
}